Start Bin,Count,Mean Score Change,Top Destinations
0,647,0.12394222066973692,0: 40.8% | 0.05-0.1: 16.5% | 0.15-0.2: 11.3%
0.05-0.1,322,0.06657394182104052,0.05-0.1: 31.1% | 0.15-0.2: 19.6% | 0: 13.4%
0.1-0.15,315,0.06498231255322133,0.1-0.15: 25.4% | >0.3: 17.1% | 0: 14.3%
0.15-0.2,222,0.025585095782927635,0.15-0.2: 30.6% | >0.3: 15.8% | 0.05-0.1: 14.9%
0.2-0.25,168,0.03522624037250047,>0.3: 25.0% | 0.2-0.25: 22.0% | 0.15-0.2: 20.2%
0.25-0.3,81,0.060729942955640825,>0.3: 48.1% | 0.25-0.3: 18.5% | 0.2-0.25: 14.8%
>0.3,170,-0.010322452885455477,>0.3: 64.7% | 0.2-0.25: 9.4% | 0.15-0.2: 8.2%
