Start Bin,Count,Mean Score Change,Top Destinations
0,676,0.09286066707162552,0: 51.8% | 0.1-0.15: 13.2% | 0.05-0.1: 11.2%
0-0.05,1,0.08333333333333333,0.1-0.15: 100.0% | 0: 0.0% | 0-0.05: 0.0%
0.05-0.1,212,0.049256588766089376,0.05-0.1: 36.8% | 0.15-0.2: 20.8% | 0: 13.2%
0.1-0.15,379,0.06465336738095893,0.1-0.15: 36.9% | >0.3: 14.5% | 0: 12.7%
0.15-0.2,223,0.04351421535678637,0.15-0.2: 30.9% | >0.3: 18.8% | 0.25-0.3: 12.1%
0.2-0.25,162,0.043532129233211835,0.2-0.25: 29.6% | >0.3: 29.6% | 0.15-0.2: 16.0%
0.25-0.3,86,0.0172270340510307,>0.3: 40.7% | 0.25-0.3: 22.1% | 0.2-0.25: 15.1%
>0.3,186,0.018203895946912563,>0.3: 81.7% | 0.15-0.2: 7.0% | 0.2-0.25: 5.4%
