Start Bin,Count,Mean Score Change,Top Destinations
0,646,0.11414225442925315,0: 44.7% | 0.05-0.1: 13.9% | 0.1-0.15: 11.9%
0.05-0.1,266,0.06578799605160242,0.05-0.1: 38.3% | 0.15-0.2: 23.7% | 0.1-0.15: 10.9%
0.1-0.15,346,0.06894237743572103,0.1-0.15: 30.6% | >0.3: 15.9% | 0.2-0.25: 13.3%
0.15-0.2,210,0.039012309784823354,0.15-0.2: 32.9% | >0.3: 18.6% | 0.2-0.25: 17.1%
0.2-0.25,173,0.03632643613413727,>0.3: 29.5% | 0.2-0.25: 22.5% | 0.15-0.2: 19.1%
0.25-0.3,106,0.03786281240351579,>0.3: 43.4% | 0.25-0.3: 24.5% | 0.15-0.2: 10.4%
>0.3,178,0.01573853032607135,>0.3: 77.5% | 0.2-0.25: 8.4% | 0.25-0.3: 5.6%
