Start Bin,Count,Mean Score Change,Top Destinations
0,823,0.12502572672451842,0: 39.1% | 0.05-0.1: 15.4% | 0.1-0.15: 13.5%
0-0.05,5,0.06155872449990098,0: 40.0% | 0.05-0.1: 20.0% | 0.15-0.2: 20.0%
0.05-0.1,196,0.07651174472475568,0.05-0.1: 31.6% | 0.1-0.15: 15.3% | 0.15-0.2: 14.8%
0.1-0.15,346,0.04774550774521916,0.1-0.15: 18.5% | 0.15-0.2: 17.9% | 0.05-0.1: 17.3%
0.15-0.2,197,0.03790403927352145,>0.3: 19.8% | 0.15-0.2: 17.3% | 0: 16.8%
0.2-0.25,149,0.02003128532893904,>0.3: 26.2% | 0.2-0.25: 21.5% | 0.15-0.2: 17.4%
0.25-0.3,63,-0.008779520971979959,0.2-0.25: 30.2% | >0.3: 28.6% | 0.25-0.3: 14.3%
>0.3,146,-0.05830867938451407,>0.3: 59.6% | 0: 8.9% | 0.1-0.15: 7.5%
