Start Bin,Count,Mean Score Change,Top Destinations
0,32,0.05720644076596156,0: 62.5% | 0.05-0.1: 12.5% | 0.1-0.15: 12.5%
0.05-0.1,38,0.07760984005403102,0.05-0.1: 44.7% | 0.15-0.2: 18.4% | >0.3: 18.4%
0.1-0.15,73,0.06815902981047715,0.1-0.15: 50.7% | >0.3: 16.4% | 0.15-0.2: 13.7%
0.15-0.2,107,0.05194417808139803,0.15-0.2: 42.1% | >0.3: 20.6% | 0.2-0.25: 15.0%
0.2-0.25,129,0.036595040779543855,0.2-0.25: 59.7% | >0.3: 18.6% | 0.25-0.3: 14.0%
0.25-0.3,141,0.03703886494631391,>0.3: 42.6% | 0.25-0.3: 33.3% | 0.2-0.25: 9.9%
>0.3,980,0.008127641414799963,>0.3: 91.7% | 0.25-0.3: 3.7% | 0.2-0.25: 2.3%
