Start Bin,Count,Mean Score Change,Top Destinations
0,38,0.12354811978078907,0: 39.5% | 0.2-0.25: 18.4% | 0.1-0.15: 13.2%
0-0.05,4,0.21953588829890364,>0.3: 50.0% | 0.1-0.15: 25.0% | 0.15-0.2: 25.0%
0.05-0.1,66,0.1185117909188582,>0.3: 24.2% | 0.05-0.1: 22.7% | 0.15-0.2: 19.7%
0.1-0.15,118,0.1057701703424557,>0.3: 28.0% | 0.1-0.15: 22.0% | 0.15-0.2: 13.6%
0.15-0.2,143,0.10051300649604897,>0.3: 36.4% | 0.15-0.2: 18.2% | 0.2-0.25: 12.6%
0.2-0.25,187,0.08989530335416605,>0.3: 46.0% | 0.2-0.25: 20.3% | 0.15-0.2: 14.4%
0.25-0.3,183,0.09423657817536919,>0.3: 63.4% | 0.25-0.3: 15.3% | 0.2-0.25: 8.2%
>0.3,761,0.014545720531674678,>0.3: 81.1% | 0.25-0.3: 6.7% | 0.2-0.25: 4.6%
