Start Bin,Count,Mean Score Change,Top Destinations
0,34,0.09867510018163655,0: 50.0% | 0.05-0.1: 14.7% | 0.15-0.2: 11.8%
0.05-0.1,44,0.0639165313468725,0.05-0.1: 31.8% | 0.15-0.2: 27.3% | 0.1-0.15: 20.5%
0.1-0.15,79,0.05466597019437909,0.1-0.15: 45.6% | 0.2-0.25: 13.9% | 0.15-0.2: 11.4%
0.15-0.2,106,0.06650596401578873,0.15-0.2: 32.1% | >0.3: 23.6% | 0.2-0.25: 16.0%
0.2-0.25,151,0.05733211991716498,0.2-0.25: 35.8% | >0.3: 33.1% | 0.25-0.3: 13.2%
0.25-0.3,151,0.057484435999891864,>0.3: 47.0% | 0.25-0.3: 31.8% | 0.2-0.25: 12.6%
>0.3,935,-0.003829267991756409,>0.3: 87.8% | 0.25-0.3: 5.2% | 0.2-0.25: 3.2%
