Start Bin,Count,Mean Score Change,Top Destinations
0,30,0.05813496720247293,0: 60.0% | 0.1-0.15: 13.3% | 0.15-0.2: 13.3%
0.05-0.1,33,0.09909430177471483,0.05-0.1: 33.3% | 0.1-0.15: 18.2% | 0.2-0.25: 12.1%
0.1-0.15,79,0.048437949948166935,0.1-0.15: 49.4% | >0.3: 13.9% | 0: 11.4%
0.15-0.2,110,0.06472208055649126,0.15-0.2: 39.1% | >0.3: 26.4% | 0.2-0.25: 14.5%
0.2-0.25,151,0.050880305908964495,0.2-0.25: 41.1% | >0.3: 29.1% | 0.25-0.3: 14.6%
0.25-0.3,121,0.03546400119177223,0.25-0.3: 42.1% | >0.3: 39.7% | 0.2-0.25: 8.3%
>0.3,976,0.003038234596888282,>0.3: 91.2% | 0.25-0.3: 3.4% | 0.2-0.25: 2.4%
